ID,hardness
TEST_000001,198.51509031269856
TEST_000002,189.60306112701983
TEST_000003,204.20886767918353
TEST_000004,186.65979187770665
TEST_000005,194.06867372059105
TEST_000006,201.54441287506307
TEST_000007,204.7115627005726
TEST_000008,179.74864588072552
TEST_000009,201.40352195439118
TEST_000010,198.48052603674702
TEST_000011,195.14493706172914
TEST_000012,192.43594715365313
TEST_000013,197.37717994657365
TEST_000014,200.50478897768886
TEST_000015,214.1958519958613
TEST_000016,184.6150818511585
TEST_000017,184.89780236829492
TEST_000018,205.1091154209816
TEST_000019,184.06425126095644
TEST_000020,189.7200892029887
TEST_000021,208.37343263413752
TEST_000022,196.87821115193677
TEST_000023,197.74603000825047
TEST_000024,185.02821350751003
TEST_000025,201.16103450479224
TEST_000026,190.33423295568807
TEST_000027,198.90670810041644
TEST_000028,199.45581836136157
TEST_000029,218.6766783139285
TEST_000030,185.7834061629767
TEST_000031,203.65421869233984
TEST_000032,188.96834309821543
TEST_000033,191.24892116027453
TEST_000034,202.81544977913367
TEST_000035,203.0200654146349
TEST_000036,190.01863420113855
TEST_000037,208.16253560327812
TEST_000038,211.7721974974429
TEST_000039,201.34200581824982
TEST_000040,182.63605757161133
TEST_000041,195.36446791519967
TEST_000042,178.89224470121457
TEST_000043,186.69647653470133
TEST_000044,184.18324086075165
TEST_000045,184.80978404790017
TEST_000046,195.6476859163386
TEST_000047,207.5448074866769
TEST_000048,201.50298099552631
TEST_000049,196.00847297035816
TEST_000050,193.52337928252956
TEST_000051,187.20604381700863
TEST_000052,178.32268256863773
TEST_000053,185.13737294004395
TEST_000054,221.00752939654149
TEST_000055,189.09579712026272
TEST_000056,197.09867865337432
TEST_000057,177.9975426304402
TEST_000058,197.63519944532186
TEST_000059,177.5691971962913
TEST_000060,197.16691765466607
TEST_000061,194.08979371226917
TEST_000062,190.12514332587804
TEST_000063,177.1186703797718
TEST_000064,186.59332324516885
TEST_000065,176.18131791793107
TEST_000066,170.35754017521847
TEST_000067,189.96162686738018
TEST_000068,198.0655427163142
TEST_000069,186.44947208033236
TEST_000070,204.10000295751485
TEST_000071,178.52813631086167
TEST_000072,187.72117197930228
TEST_000073,179.3978988198192
TEST_000074,177.41361463391593
TEST_000075,206.5091784805889
TEST_000076,208.40667419588783
TEST_000077,171.1544128453433
TEST_000078,187.92430733941504
TEST_000079,215.54951087389514
TEST_000080,194.88624339128305
TEST_000081,200.5739582255114
TEST_000082,175.3400966564709
TEST_000083,205.1367222517791
TEST_000084,190.9472917722357
TEST_000085,215.17583620551133
TEST_000086,178.76743817860472
TEST_000087,193.1022801498262
TEST_000088,199.43065361942374
TEST_000089,210.11636253084524
TEST_000090,190.51316899924723
TEST_000091,192.74009970831585
TEST_000092,204.85124839075254
TEST_000093,195.02471025457714
TEST_000094,189.4738325873054
TEST_000095,199.8190468132237
TEST_000096,174.96545300978406
TEST_000097,201.27853793528357
TEST_000098,203.3769473648021
TEST_000099,193.23003309214764
TEST_000100,184.95793076555614
TEST_000101,203.68025036684182
TEST_000102,184.72020022042145
TEST_000103,193.70246176249185
TEST_000104,200.40830163799149
TEST_000105,178.97509643934896
TEST_000106,202.79861536928777
TEST_000107,206.3353133045225
TEST_000108,181.27868252847483
TEST_000109,178.33835337615395
TEST_000110,197.34618413836807
TEST_000111,182.23532915116346
TEST_000112,201.52335878525835
TEST_000113,206.229450709245
TEST_000114,179.08116262693974
TEST_000115,189.66797408517735
TEST_000116,210.8421944409302
TEST_000117,183.69953819732342
TEST_000118,198.5741130475975
TEST_000119,200.13229331271341
TEST_000120,184.2301256384183
TEST_000121,183.48139870307355
TEST_000122,206.2895895298918
TEST_000123,178.90303915404556
TEST_000124,199.41060332671276
TEST_000125,195.7279954999515
TEST_000126,210.53284155142018
TEST_000127,186.4312044192802
TEST_000128,186.17059396373176
TEST_000129,186.90575280796503
TEST_000130,191.0487173442473
TEST_000131,177.36732896455803
TEST_000132,206.9351928140498
TEST_000133,203.1414476473867
TEST_000134,187.05933005740567
TEST_000135,194.58312330736138
TEST_000136,186.98481971496798
TEST_000137,180.6610492867408
TEST_000138,197.90362481131552
TEST_000139,191.31361438176418
TEST_000140,190.75090911590993
TEST_000141,203.83738561473103
TEST_000142,182.22848070442515
TEST_000143,187.05983867933264
TEST_000144,183.02773196298213
TEST_000145,183.39952201170695
TEST_000146,197.9108258445732
TEST_000147,197.20876030103454
TEST_000148,222.25693913626077
TEST_000149,195.61560375236786
TEST_000150,200.76745437320355
TEST_000151,190.9645641533988
TEST_000152,197.79162657564316
TEST_000153,191.2842814872341
TEST_000154,180.20183003825102
TEST_000155,215.24350872926937
TEST_000156,214.3927016968882
TEST_000157,195.3236401912472
TEST_000158,178.95035369996364
TEST_000159,186.1692013826129
TEST_000160,171.94532069554342
TEST_000161,186.51322348107405
TEST_000162,199.95157685035866
TEST_000163,188.7609722070396
TEST_000164,207.98729542849966
TEST_000165,194.18571658280226
TEST_000166,180.83872786579983
TEST_000167,216.67909246894394
TEST_000168,197.05807479806194
TEST_000169,186.0241574489225
TEST_000170,211.53065736478294
TEST_000171,186.58802249371
TEST_000172,182.7569232596488
TEST_000173,188.27512620433347
TEST_000174,205.30254931991843
TEST_000175,211.11098514036382
TEST_000176,190.8624338982986
TEST_000177,184.57119741541888
TEST_000178,206.22567098399614
TEST_000179,179.16635035893168
TEST_000180,208.83206778078983
TEST_000181,191.79505753249268
TEST_000182,176.12835851016072
TEST_000183,211.5272837070405
TEST_000184,182.66413148326228
TEST_000185,192.1053860398949
TEST_000186,191.84049312519758
TEST_000187,179.3053720547112
TEST_000188,171.40887524920106
TEST_000189,189.89215698970443
TEST_000190,211.80308703620778
TEST_000191,182.3725147567005
TEST_000192,169.90905683556696
TEST_000193,181.92910257745345
TEST_000194,169.59416226451026
TEST_000195,180.90182569814525
TEST_000196,214.76624778763227
TEST_000197,177.1595880459018
TEST_000198,200.27841829503896
TEST_000199,194.7759175239629
TEST_000200,177.13482253989514
TEST_000201,191.71508176366845
TEST_000202,181.8552930697373
TEST_000203,189.46405961774727
TEST_000204,189.62121343866812
TEST_000205,208.8797975158417
TEST_000206,181.88810252257457
TEST_000207,192.79815470886564
TEST_000208,185.73683367400866
TEST_000209,193.81779086278328
TEST_000210,194.02739816738278
TEST_000211,207.76160040324896
TEST_000212,196.56216717678726
TEST_000213,194.62392309000413
TEST_000214,173.3279984222011
TEST_000215,198.0489578095378
TEST_000216,170.541499270925
TEST_000217,182.49549878841577
TEST_000218,194.64931563483256
TEST_000219,195.5756899933758
TEST_000220,203.06899958770856
TEST_000221,212.01764901697004
TEST_000222,207.97778068050312
TEST_000223,191.862919597773
TEST_000224,195.57212411821547
TEST_000225,204.72838756811214
TEST_000226,172.64112675811495
TEST_000227,182.19776427263278
TEST_000228,199.82381039856418
TEST_000229,193.45136682998805
TEST_000230,200.73759600766456
TEST_000231,182.2091267396115
TEST_000232,188.94878187859337
TEST_000233,193.6376461663327
TEST_000234,196.02386079247344
TEST_000235,177.25308430935195
TEST_000236,186.33451012716571
TEST_000237,203.6604723032111
TEST_000238,183.2020914446312
TEST_000239,203.3179921406387
TEST_000240,192.4557180983324
TEST_000241,191.40913162692428
TEST_000242,187.21622152093556
TEST_000243,202.7824580096882
TEST_000244,189.87298916300617
TEST_000245,198.31127210493835
TEST_000246,168.69272191085065
TEST_000247,200.32890274269562
TEST_000248,196.25597076312602
TEST_000249,201.47538919806863
TEST_000250,192.00072188505453
TEST_000251,186.372425636029
TEST_000252,186.03373300546977
TEST_000253,189.12315784951804
TEST_000254,186.38083432327156
TEST_000255,199.44701767657168
TEST_000256,209.5037238261732
TEST_000257,178.48989027223172
TEST_000258,178.32418066762403
TEST_000259,202.23483442550494
TEST_000260,205.86338454037804
TEST_000261,211.82821831639185
TEST_000262,178.61239411219628
TEST_000263,203.54585268040987
TEST_000264,193.4254514241698
TEST_000265,195.13406219603877
TEST_000266,189.24982521071703
TEST_000267,194.20083875951596
TEST_000268,189.5052523732619
TEST_000269,208.1169267875196
TEST_000270,186.0393160100313
TEST_000271,184.3071742976353
TEST_000272,185.9177615387961
TEST_000273,195.8188410732382
TEST_000274,193.33072432132306
TEST_000275,189.39500214824488
TEST_000276,202.93320134372223
TEST_000277,196.03740440295493
TEST_000278,195.04266409109704
TEST_000279,207.02893469885498
TEST_000280,184.2647877792211
TEST_000281,182.7770651954506
TEST_000282,192.81541311838862
TEST_000283,177.63405242186485
TEST_000284,176.25564077756007
TEST_000285,179.30379851441376
TEST_000286,188.1143666998856
TEST_000287,190.4560620448829
TEST_000288,201.10596271990448
TEST_000289,175.68136785724502
TEST_000290,209.4839533367496
TEST_000291,177.55216332824818
TEST_000292,205.01169263990403
TEST_000293,186.39747670262142
TEST_000294,203.1297639215488
TEST_000295,197.5651524597756
TEST_000296,200.45550442128555
TEST_000297,204.27698627441217
TEST_000298,183.51004446309372
TEST_000299,190.59304087697495
TEST_000300,185.69535909568413
TEST_000301,194.2627125358291
TEST_000302,183.4103297691743
TEST_000303,178.95389084177552
TEST_000304,191.66910263417654
TEST_000305,210.5424737050383
TEST_000306,186.99709347673334
TEST_000307,186.8482671274109
TEST_000308,171.9667645055145
TEST_000309,206.63042461156056
TEST_000310,189.2807434501511
TEST_000311,182.5740453033395
TEST_000312,191.82765752921594
TEST_000313,186.8938029141081
TEST_000314,184.73435512147157
TEST_000315,174.0186382071338
TEST_000316,182.59441607000065
TEST_000317,216.27934383826388
TEST_000318,192.14700846772348
TEST_000319,201.55254235055997
TEST_000320,203.8489092596844
TEST_000321,177.67138791305283
TEST_000322,181.22072540650737
TEST_000323,197.71602396492102
TEST_000324,190.0283627873503
TEST_000325,208.53474264160124
TEST_000326,201.21578722594816
TEST_000327,185.2358560666608
TEST_000328,189.5630081243653
TEST_000329,202.92872899480042
TEST_000330,183.99648168756804
TEST_000331,188.84334870626031
TEST_000332,206.1526124480841
TEST_000333,174.13144285232772
TEST_000334,189.75719688030472
TEST_000335,195.98892776927937
TEST_000336,213.01828057986864
TEST_000337,195.5599662324385
TEST_000338,207.09962902905093
TEST_000339,192.21877008306808
TEST_000340,179.284980743924
TEST_000341,186.94949055965105
TEST_000342,188.78158968569568
TEST_000343,193.06373272104003
TEST_000344,176.86835552171897
TEST_000345,188.08791619031805
TEST_000346,199.22814620526427
TEST_000347,175.72896699961163
TEST_000348,188.839420939126
TEST_000349,190.12844519858808
TEST_000350,207.28640972384372
TEST_000351,205.17481266149304
TEST_000352,203.37842630181822
TEST_000353,193.49038174412027
TEST_000354,201.9242290516816
TEST_000355,196.21774813986258
TEST_000356,204.14186618830178
TEST_000357,204.6119932551789
TEST_000358,192.56793905878234
TEST_000359,182.10154582961275
TEST_000360,193.1656467970684
TEST_000361,185.8724155454575
TEST_000362,208.27493350869102
TEST_000363,198.77356077418332
TEST_000364,193.1488418450292
TEST_000365,188.0142290775672
TEST_000366,200.85752200086304
TEST_000367,196.7985732073088
TEST_000368,199.71070305896077
TEST_000369,198.72860772305563
TEST_000370,184.1229810149554
TEST_000371,210.44186177616567
TEST_000372,174.22003046875903
TEST_000373,204.31211665195076
TEST_000374,181.65410456455845
TEST_000375,179.37949786123315
TEST_000376,179.43013477957575
TEST_000377,202.10702812830084
TEST_000378,190.46355514593705
TEST_000379,204.19904123110092
TEST_000380,203.10445103719655
TEST_000381,207.10319060954149
TEST_000382,191.97173516983656
TEST_000383,209.5747127926357
TEST_000384,195.24010144305845
TEST_000385,187.20000715302513
TEST_000386,181.54571704241155
TEST_000387,215.9608526256491
TEST_000388,182.19122735638388
TEST_000389,171.2178985916654
TEST_000390,189.9474177605821
TEST_000391,183.67602425584005
TEST_000392,200.68768932917365
TEST_000393,213.9492719406642
TEST_000394,176.22339055947472
TEST_000395,199.8144230743687
TEST_000396,191.7002893963106
TEST_000397,183.70968105333506
TEST_000398,201.81447137366538
TEST_000399,189.4531118433202
TEST_000400,199.08233062841015
TEST_000401,194.10121474495887
TEST_000402,197.25426005421033
TEST_000403,172.35518031755234
TEST_000404,190.2824412589527
TEST_000405,201.05081404148862
TEST_000406,183.61931716485452
TEST_000407,206.70116070912462
TEST_000408,176.41492249659552
TEST_000409,175.26214399847882
TEST_000410,222.27959714362672
TEST_000411,208.70497973436673
TEST_000412,189.61681439144635
TEST_000413,180.1018196800129
TEST_000414,178.70737292377407
TEST_000415,192.34693746389755
TEST_000416,190.13873343813194
TEST_000417,208.86115263577986
TEST_000418,180.75825727203804
TEST_000419,192.57765634668698
TEST_000420,194.69052803253066
TEST_000421,180.38900231144092
TEST_000422,174.19852866026267
TEST_000423,193.5960980168505
TEST_000424,200.83832778710055
TEST_000425,188.17795288657996
TEST_000426,190.16820998028248
TEST_000427,201.2561173480651
TEST_000428,189.40425466383635
TEST_000429,204.8060095520987
TEST_000430,188.10787663745452
TEST_000431,205.192432858602
TEST_000432,186.79610814089412
TEST_000433,206.08074026783277
TEST_000434,189.62269583957058
TEST_000435,187.69315681737004
TEST_000436,192.85088078427162
TEST_000437,211.15727041793264
TEST_000438,187.86861555018572
TEST_000439,185.12276488305662
TEST_000440,194.14537888450755
TEST_000441,207.8551541004175
TEST_000442,184.59502802125286
TEST_000443,186.2050657558624
TEST_000444,178.22750724312263
TEST_000445,203.03332948629605
TEST_000446,177.24909198452895
TEST_000447,178.56274096664794
TEST_000448,176.2191827122677
TEST_000449,208.5746938163265
TEST_000450,191.51984819165588
TEST_000451,199.20919353900072
TEST_000452,186.6478116540554
TEST_000453,184.03330451325272
TEST_000454,187.8849511295971
TEST_000455,187.6496481699645
TEST_000456,186.00835026163168
TEST_000457,197.83688493680566
TEST_000458,205.0522421605247
TEST_000459,198.0425739302698
TEST_000460,203.8454933938295
TEST_000461,179.79366520579316
TEST_000462,187.39412651676727
TEST_000463,195.1789917146687
TEST_000464,200.34978558113227
TEST_000465,198.536372272928
TEST_000466,217.24733549560125
TEST_000467,180.71678211657178
TEST_000468,185.0703519433518
TEST_000469,203.0570168026502
TEST_000470,170.56904026482385
TEST_000471,211.17824015297114
TEST_000472,176.51266002138348
TEST_000473,217.56071983456084
TEST_000474,190.39482685722206
TEST_000475,177.38276060894498
TEST_000476,212.22006731990322
TEST_000477,188.29025555460572
TEST_000478,191.65949013906882
TEST_000479,187.5665383056807
TEST_000480,181.75920437819232
TEST_000481,182.25200138026733
TEST_000482,192.58325822028763
TEST_000483,197.7059818658658
TEST_000484,225.9570980479545
TEST_000485,191.41074790621482
TEST_000486,191.99638679087693
TEST_000487,211.24855355312047
TEST_000488,188.15468613198323
TEST_000489,170.1674940935606
TEST_000490,191.38215199061818
TEST_000491,204.55795239395547
TEST_000492,191.14050317970162
TEST_000493,212.2233645235389
TEST_000494,202.98409914775337
TEST_000495,194.69571506236232
TEST_000496,203.08953082057067
TEST_000497,184.92552661000013
TEST_000498,180.9538791914614
TEST_000499,188.45260214306893
TEST_000500,203.22791522395022
TEST_000501,198.43520781288572
TEST_000502,175.3638682182609
TEST_000503,193.05875426609614
TEST_000504,206.50339481842602
TEST_000505,183.71990334754733
TEST_000506,215.76332999932595
TEST_000507,194.70877550571132
TEST_000508,183.1018109373567
TEST_000509,198.0908930999104
TEST_000510,177.51718629433782
TEST_000511,184.6550728866585
TEST_000512,198.94865254100574
TEST_000513,204.53029811597267
TEST_000514,191.16156851375737
TEST_000515,182.79318089212506
TEST_000516,196.84581012056773
TEST_000517,184.6048104122533
TEST_000518,201.20901654553603
TEST_000519,176.7963645961951
TEST_000520,210.4031376230722
TEST_000521,182.79529890576654
TEST_000522,191.5007667819297
TEST_000523,188.26451226452605
TEST_000524,182.17069348095694
TEST_000525,203.4563133972941
TEST_000526,204.24381515010185
TEST_000527,203.92143577854208
TEST_000528,194.57583144624965
TEST_000529,206.58259405941635
TEST_000530,184.61277112541848
TEST_000531,181.80564128228946
TEST_000532,191.60372006402892
TEST_000533,189.69338563395112
TEST_000534,209.0658312224948
TEST_000535,200.86286693083792
TEST_000536,194.5639090999178
TEST_000537,210.51920126719554
TEST_000538,203.4794805620013
TEST_000539,200.0224343265052
TEST_000540,194.66160710550335
TEST_000541,172.76669095921736
TEST_000542,191.6481102532032
TEST_000543,183.87799013387718
TEST_000544,192.1497941867958
TEST_000545,177.59654228992676
TEST_000546,186.34942915587337
TEST_000547,191.31330976429433
TEST_000548,175.860590347239
TEST_000549,192.09253030077198
TEST_000550,204.44240634562127
TEST_000551,200.82683875675022
TEST_000552,206.4431878572549
TEST_000553,204.04492922581701
TEST_000554,176.5765166058701
TEST_000555,182.41734625374013
TEST_000556,187.63577318992256
TEST_000557,202.73820752806577
TEST_000558,176.6681650978676
TEST_000559,198.27393872257102
TEST_000560,184.3985437972585
TEST_000561,191.21006728243515
TEST_000562,187.21548816449686
TEST_000563,180.65083205575525
TEST_000564,189.67566789019617
TEST_000565,190.084366812727
TEST_000566,214.86413702334045
TEST_000567,185.78134304661958
TEST_000568,197.41120608173392
TEST_000569,184.29013777072976
TEST_000570,179.61233727425625
TEST_000571,199.91201450943439
TEST_000572,190.73292544059746
TEST_000573,188.86612001576663
TEST_000574,213.7149836498906
TEST_000575,173.75104674745424
TEST_000576,196.31139829784257
TEST_000577,193.52417134453208
TEST_000578,194.53654388416857
TEST_000579,190.59994509718652
TEST_000580,194.2921145076222
TEST_000581,189.59589539856321
TEST_000582,199.91090528262202
TEST_000583,191.69207016061856
TEST_000584,190.23194528425418
TEST_000585,192.88048694366458
TEST_000586,204.47891555176943
TEST_000587,186.18149966468795
TEST_000588,204.38981749381563
TEST_000589,205.194368450726
TEST_000590,190.3314261532288
TEST_000591,197.69796565308712
TEST_000592,188.1715340167496
TEST_000593,194.89202618245497
TEST_000594,193.169747425699
TEST_000595,190.20925739807151
TEST_000596,182.8063874959036
TEST_000597,194.6937140929865
TEST_000598,188.10348743745038
TEST_000599,195.82727789647984
TEST_000600,210.47834899786628
TEST_000601,178.52718378141586
TEST_000602,184.14872787794152
TEST_000603,185.94428563821677
TEST_000604,180.47255708693805
TEST_000605,195.7000535404324
TEST_000606,174.70082014209672
TEST_000607,218.80033018092044
TEST_000608,207.0713731685504
TEST_000609,192.97293673557672
TEST_000610,191.56212441715118
TEST_000611,177.97577974134035
TEST_000612,199.8854756404203
TEST_000613,187.0921368036645
TEST_000614,209.86858189604757
TEST_000615,195.45956334173897
TEST_000616,198.1745486337717
TEST_000617,206.72698072399646
TEST_000618,182.64643552132284
TEST_000619,178.80903749292276
TEST_000620,210.95816722001624
TEST_000621,210.28368972385988
TEST_000622,195.46179521349248
TEST_000623,218.9877956065619
TEST_000624,188.53386702894065
TEST_000625,196.16878631338483
TEST_000626,196.34690852333887
TEST_000627,180.83113274066272
TEST_000628,181.950422172814
TEST_000629,196.97976175534933
TEST_000630,201.30015908116457
TEST_000631,186.54546977088228
TEST_000632,192.45186187182182
TEST_000633,173.5783115308708
TEST_000634,190.58528061426475
TEST_000635,195.87905384185095
TEST_000636,211.6952265542983
TEST_000637,196.1421610143031
TEST_000638,207.14352121257218
TEST_000639,196.2093723085462
TEST_000640,189.4015116740766
TEST_000641,183.99463383396707
TEST_000642,210.21284074506463
TEST_000643,196.24802017108027
TEST_000644,187.90220131056867
TEST_000645,174.38961959075016
TEST_000646,207.09853196845748
TEST_000647,180.37946606167856
TEST_000648,176.5146063998013
TEST_000649,180.92060781155425
TEST_000650,186.31961592103875
TEST_000651,172.5852649200964
TEST_000652,194.82395052877717
TEST_000653,197.08298068776674
TEST_000654,203.97881652075077
TEST_000655,206.71028979860452
TEST_000656,182.18105676433836
TEST_000657,183.6950817729085
TEST_000658,196.2659935625026
TEST_000659,167.77649905663134
TEST_000660,207.71611271588804
TEST_000661,194.2865149407861
TEST_000662,197.65158467569984
TEST_000663,194.50067140950276
TEST_000664,196.85644572790113
TEST_000665,197.79186973820367
TEST_000666,195.34348139750938
TEST_000667,195.35938299540527
TEST_000668,193.50117797568487
TEST_000669,200.58685619130034
TEST_000670,211.73877029839855
TEST_000671,185.64409256640965
TEST_000672,206.15452214936647
TEST_000673,203.0961131358368
TEST_000674,198.53789585319504
TEST_000675,207.93418974791882
TEST_000676,204.12468892709103
TEST_000677,194.40532116226456
TEST_000678,193.0279895051602
TEST_000679,193.3759722893661
TEST_000680,189.6882209427405
TEST_000681,192.83656463652054
TEST_000682,212.10806552337513
TEST_000683,189.7855399965681
TEST_000684,181.74325519052726
TEST_000685,205.79884660117511
TEST_000686,182.4297232390251
TEST_000687,189.68556556575803
TEST_000688,183.27024304361208
TEST_000689,219.56789172393988
TEST_000690,181.01497990890593
TEST_000691,183.49476389598456
TEST_000692,204.13850259665324
TEST_000693,198.43640964677746
TEST_000694,197.43126559043776
TEST_000695,181.56907593701666
TEST_000696,215.6224616089477
TEST_000697,187.2957234075165
TEST_000698,178.81224047672296
TEST_000699,181.41373695449747
TEST_000700,199.6303825611754
TEST_000701,186.6850543203417
TEST_000702,189.91284270281085
TEST_000703,179.71168770398512
TEST_000704,202.43010246204653
TEST_000705,194.06245714349183
TEST_000706,196.30424262425188
TEST_000707,181.254741557174
TEST_000708,196.2112244331304
TEST_000709,190.35846704797973
TEST_000710,181.12847064027926
TEST_000711,192.98409592686343
TEST_000712,180.31099292321113
TEST_000713,195.94010446672624
TEST_000714,205.6582699850044
TEST_000715,198.2723892942469
TEST_000716,196.80695463298545
TEST_000717,194.80348129633566
TEST_000718,185.7377332258799
TEST_000719,198.28371546501216
TEST_000720,182.82285505613635
TEST_000721,193.92203685719304
TEST_000722,197.24653234491004
TEST_000723,193.18786303026016
TEST_000724,186.48927980061165
TEST_000725,175.8458624412556
TEST_000726,185.87251431647184
TEST_000727,184.03672605137595
TEST_000728,182.63129402807115
TEST_000729,182.8449685648689
TEST_000730,176.94275649854225
TEST_000731,202.7666794847079
TEST_000732,190.0396550165895
TEST_000733,181.85711057232754
TEST_000734,172.73705935870535
TEST_000735,206.59450788138238
TEST_000736,173.7246623162209
TEST_000737,208.94689718855588
TEST_000738,206.50250356916382
TEST_000739,207.94336209906794
TEST_000740,201.58433569705375
TEST_000741,203.1087126351682
TEST_000742,176.5102618542485
TEST_000743,192.96808813182906
TEST_000744,176.18344748095876
TEST_000745,187.5074711177033
TEST_000746,178.45623007839166
TEST_000747,202.8639042945454
TEST_000748,200.2481645801404
TEST_000749,178.54394263839453
TEST_000750,192.00339640138122
TEST_000751,196.7112836167402
TEST_000752,183.71994255127697
TEST_000753,197.33251663008983
TEST_000754,216.21070024628776
TEST_000755,181.01226440718264
TEST_000756,206.21104166272457
TEST_000757,208.497457126439
TEST_000758,184.7167815611817
TEST_000759,205.65090165350858
TEST_000760,196.35265901860683
TEST_000761,189.55511297286637
TEST_000762,205.97927296886974
TEST_000763,195.1739623008476
TEST_000764,183.9942715255783
TEST_000765,187.230875794519
TEST_000766,192.67563428151286
TEST_000767,206.35228956234795
TEST_000768,195.67285271495348
TEST_000769,188.14262962467956
TEST_000770,215.00770431593313
TEST_000771,206.51563000841887
TEST_000772,194.48178045537404
TEST_000773,193.35399783589727
TEST_000774,174.2959502456991
TEST_000775,215.0915663983306
TEST_000776,203.02872317967737
TEST_000777,204.42681034760767
TEST_000778,179.86059512666023
TEST_000779,193.45821894881436
TEST_000780,197.98799891715754
TEST_000781,195.77086164732518
TEST_000782,187.87171650539844
TEST_000783,178.57259431675425
TEST_000784,188.26088746567393
TEST_000785,196.32127008151062
TEST_000786,201.42137748548274
TEST_000787,205.77007670487887
TEST_000788,179.7855958616426
TEST_000789,210.22628003269614
TEST_000790,183.73374469409643
TEST_000791,181.34314831583077
TEST_000792,211.5054715969272
TEST_000793,201.33478153388688
TEST_000794,198.80362084813703
TEST_000795,191.13826656735858
TEST_000796,208.16817583839384
TEST_000797,191.5333657836076
TEST_000798,186.84167934504245
TEST_000799,186.68538926585467
TEST_000800,199.28280819478866
TEST_000801,206.9121062239225
TEST_000802,186.06758860911776
TEST_000803,178.04005997635463
TEST_000804,204.61114185278902
TEST_000805,185.0356005759594
TEST_000806,191.55037130324246
TEST_000807,184.26246750829944
TEST_000808,200.29432619625908
TEST_000809,197.2702083868115
TEST_000810,193.2844497787167
TEST_000811,193.17031518356475
TEST_000812,186.2024996373046
TEST_000813,179.37682865110662
TEST_000814,210.70965361762913
TEST_000815,194.26860251797038
TEST_000816,200.80381891661227
TEST_000817,197.35677418595594
TEST_000818,204.85309199001597
TEST_000819,184.62195776075544
TEST_000820,207.76677655471173
TEST_000821,202.50722480319197
TEST_000822,183.78370965496813
TEST_000823,191.68023821101465
TEST_000824,194.06148447424604
TEST_000825,190.51157996879223
TEST_000826,186.2214199776135
TEST_000827,205.40490014124964
TEST_000828,203.82427470809907
TEST_000829,181.98504758379408
TEST_000830,193.43021254341747
TEST_000831,178.42159649626007
TEST_000832,188.1065180574722
TEST_000833,204.5340932846698
TEST_000834,190.63853585994826
TEST_000835,178.39802512226723
TEST_000836,191.16388795845236
TEST_000837,188.35494937205695
TEST_000838,190.8896921033723
TEST_000839,198.47751156677737
TEST_000840,193.15597211431987
TEST_000841,193.71572694948193
TEST_000842,198.32088993386935
TEST_000843,209.62650413929845
TEST_000844,211.38027440885557
TEST_000845,188.0734074201919
TEST_000846,212.32360002747953
TEST_000847,204.25253252714705
TEST_000848,203.1050388517844
TEST_000849,210.71892117126487
TEST_000850,186.93550386880764
TEST_000851,205.58712287816826
TEST_000852,187.11830821029457
TEST_000853,183.05369578750026
TEST_000854,188.59485524288536
TEST_000855,210.80807407563216
TEST_000856,190.9527407720909
TEST_000857,210.61243792119845
TEST_000858,214.06290935298273
TEST_000859,200.04802414072807
TEST_000860,192.91033879585282
TEST_000861,208.41626220935132
TEST_000862,196.6715459010311
TEST_000863,192.8250377748297
TEST_000864,204.44127424646172
TEST_000865,187.48120050724697
TEST_000866,202.02257605256568
TEST_000867,191.39980152714242
TEST_000868,207.70880467987934
TEST_000869,174.47958515730434
TEST_000870,176.82679445697462
TEST_000871,219.27929178366472
TEST_000872,186.68835938944258
TEST_000873,218.25002534883896
TEST_000874,185.62895944658368
TEST_000875,188.97658200302132
TEST_000876,206.43223593498533
TEST_000877,183.1422022384154
TEST_000878,189.85815360338594
TEST_000879,198.38164524983355
TEST_000880,200.10313844802522
TEST_000881,184.0800764257721
TEST_000882,183.56619314312226
TEST_000883,181.24831254604464
TEST_000884,202.82252097204142
TEST_000885,194.3925123779374
TEST_000886,198.71971425267805
TEST_000887,184.45037386668895
TEST_000888,176.16961213861572
TEST_000889,203.76371419656778
TEST_000890,212.3938731999819
TEST_000891,209.10768325074278
TEST_000892,188.4382521582684
TEST_000893,181.5987590000905
TEST_000894,192.85758603374745
TEST_000895,183.9569535368763
TEST_000896,201.00627965044646
TEST_000897,206.39982836219374
TEST_000898,212.7918722261863
TEST_000899,193.55270310915296
TEST_000900,213.89438932913848
TEST_000901,198.5028822552082
TEST_000902,199.5048539215558
TEST_000903,210.69889800818257
TEST_000904,190.48157789401543
TEST_000905,207.99616534971088
TEST_000906,201.36352640406125
TEST_000907,186.88396219899343
TEST_000908,211.33483868845167
TEST_000909,180.46330615898862
TEST_000910,180.2011525055911
TEST_000911,203.55944656854194
TEST_000912,189.49887041529897
TEST_000913,191.67098884996543
TEST_000914,203.5302391173626
TEST_000915,204.33410264050733
TEST_000916,205.39234183105108
TEST_000917,202.43644748381578
TEST_000918,200.2546998847823
TEST_000919,190.68425034451602
TEST_000920,214.3866965801553
TEST_000921,183.69956207801232
TEST_000922,181.18901751814542
TEST_000923,188.29722544623624
TEST_000924,204.02748738031727
TEST_000925,192.7191866945878
TEST_000926,202.5847374356769
TEST_000927,208.27708738395594
TEST_000928,194.7774415353431
TEST_000929,182.5291315722266
TEST_000930,189.01281087028866
TEST_000931,199.7017930877912
TEST_000932,213.5249257882316
TEST_000933,194.52236849760567
TEST_000934,182.65241900448785
TEST_000935,177.39421475795464
TEST_000936,198.1471282986343
TEST_000937,188.7729000035345
TEST_000938,183.32636810993006
TEST_000939,199.77042471830927
TEST_000940,184.01684277848096
TEST_000941,196.7293045435235
TEST_000942,199.16092126659098
TEST_000943,185.5860104203484
TEST_000944,195.50212372446234
TEST_000945,199.6699107592722
TEST_000946,196.9257585867946
TEST_000947,181.39964353673926
TEST_000948,196.68593191321656
TEST_000949,187.11164421535793
TEST_000950,189.63796955281953
TEST_000951,199.83525061209937
TEST_000952,197.39521401172334
TEST_000953,212.3105310880884
TEST_000954,199.06554783436752
TEST_000955,198.02098574755277
TEST_000956,177.72555269033896
TEST_000957,188.14395136752887
TEST_000958,175.7566516606426
TEST_000959,194.98398828814166
TEST_000960,189.27466410639008
TEST_000961,199.73789852315224
TEST_000962,203.730005834617
TEST_000963,187.76680547603073
TEST_000964,205.7334508857044
TEST_000965,187.86062326862654
TEST_000966,192.0934716679687
TEST_000967,211.17307185942977
TEST_000968,182.07814418529748
TEST_000969,185.4904003490955
TEST_000970,191.4038584962833
TEST_000971,179.74861519954158
TEST_000972,185.12007295920253
TEST_000973,182.1938677527599
TEST_000974,207.28655215272326
TEST_000975,189.84417454644282
TEST_000976,189.49688241612833
TEST_000977,196.89935492152046
TEST_000978,204.31270335704835
TEST_000979,215.11666477529744
TEST_000980,195.71264629194377
TEST_000981,186.1468814374381
TEST_000982,190.7240751921722
TEST_000983,198.23935865361963
TEST_000984,202.24486677745114
TEST_000985,177.72085378310678
TEST_000986,190.3835938737115
TEST_000987,196.0654772760137
TEST_000988,204.42168118803454
TEST_000989,194.8290101453065
TEST_000990,196.5606971458399
TEST_000991,208.05738380005275
TEST_000992,196.82810814180064
TEST_000993,205.7168563677623
TEST_000994,177.02738628260613
TEST_000995,191.2342076702411
TEST_000996,216.06061048499564
TEST_000997,204.42269220159125
TEST_000998,190.62738058673546
TEST_000999,190.94892977577567
TEST_001000,192.01378432514954
